<?xml version="1.0" encoding="utf-8" ?>
<standards>
	<namespace>
		<namespacename>System</namespacename>
		<UsedIn>DA</UsedIn>
	</namespace>
	<namespace>
		<namespacename>System.Data</namespacename>
		<UsedIn>DA</UsedIn>
	</namespace>
	<namespace>
		<namespacename>System.Data.Sqlclient</namespacename>
		<UsedIn>DA</UsedIn>
	</namespace>
	<namespace>
		<namespacename>System.Data.SqlTypes</namespacename>
		<UsedIn>DA</UsedIn>
	</namespace>
	<namespace>
		<namespacename>MasterClass</namespacename>
		<UsedIn>DA</UsedIn>
	</namespace>
	<namespace>
		<namespacename>System.Data</namespacename>
		<UsedIn>BO</UsedIn>
	</namespace>
	<namespace>
		<namespacename>System</namespacename>
		<UsedIn>BO</UsedIn>
	</namespace>
	<namespace>
		<namespacename>System.Collections</namespacename>
		<UsedIn>BO</UsedIn>
	</namespace>
	<namespace>
		<namespacename>System.Collections.Specialized</namespacename>
		<UsedIn>BO</UsedIn>
	</namespace>
	<namespace>
		<namespacename>MasterClass</namespacename>
		<UsedIn>BO</UsedIn>
	</namespace>
	<Method>
		<MethodName>Add</MethodName>
		<UsedIn>BO</UsedIn>
	</Method>
	<Method>
		<MethodName>Edit</MethodName>
		<UsedIn>BO</UsedIn>
	</Method>
	<Method>
		<MethodName>Delete</MethodName>
		<UsedIn>BO</UsedIn>
	</Method>
	<Method>
		<MethodName>Validation</MethodName>
		<UsedIn>BO</UsedIn>
	</Method>
	<Method>
		<MethodName>InsertRecords</MethodName>
		<UsedIn>DA</UsedIn>
	</Method>
	<Method>
		<MethodName>UpdateRecords</MethodName>
		<UsedIn>DA</UsedIn>
	</Method>
	<Method>
		<MethodName>DeleteRecords</MethodName>
		<UsedIn>DA</UsedIn>
	</Method>
	<Method>
		<MethodName>GetRecords</MethodName>
		<UsedIn>DA</UsedIn>
	</Method>
	<SPComments>
		<Comments>Comments</Comments>
		<CommentsValue></CommentsValue>
		<Comments>Created By</Comments>
		<CommentsValue></CommentsValue>
		<Comments>Created Date</Comments>
		<CommentsValue></CommentsValue>
		<Comments>Last Modified By</Comments>		
		<CommentsValue></CommentsValue>
		<Comments>Last Modified Date</Comments>		
		<CommentsValue></CommentsValue>
		<Comments>Change History</Comments>		
		<CommentsValue></CommentsValue>
		<Comments>Tables Used:</Comments>		
		<CommentsValue></CommentsValue>
	</SPComments>
	</standards>